EmployeeID,FirstName,LastName,Role,StoreID
1,Crystal,Houston,Cashier,22
2,Tara,Hill,Customer Service,19
3,Miguel,Horn,Manager,9
4,Crystal,Hill,Cashier,13
5,Matthew,Wilson,Customer Service,6
6,Carla,Gould,Inventory,9
7,Kristina,Allen,Cashier,18
8,Jason,Moody,Inventory,22
9,Jennifer,Jackson,Inventory,6
10,Kurt,Miranda,Customer Service,4
11,Veronica,Walker,Manager,17
12,Jeremy,Hernandez,Customer Service,16
13,Victoria,Gray,Cashier,17
14,Tanya,Hernandez,Cashier,18
15,Cheryl,Hampton,Customer Service,12
16,Christian,Brown,Customer Service,11
17,Vicki,Yoder,Manager,9
18,Stacey,Lyons,Inventory,2
19,Terri,Mitchell,Marketing,21
20,Susan,Ramos,Manager,19
21,Tammy,Cooper,Cashier,11
22,Gregory,Hamilton,Manager,3
23,Adriana,Mason,Inventory,22
24,David,Williamson,Customer Service,12
25,Jonathan,Garcia,Customer Service,11
26,Matthew,Cowan,Cashier,23
27,Jessica,Foster,Inventory,23
28,Aaron,Miller,Manager,25
29,Kara,Bishop,Inventory,5
30,Matthew,Russell,Inventory,6
31,Brandon,Jimenez,Marketing,4
32,Pamela,Collins,Inventory,15
33,Jennifer,Atkins,Cashier,8
34,Jessica,Hernandez,Inventory,9
35,Christian,Russell,Inventory,4
36,Nicholas,Potts,Cashier,3
37,Kenneth,Olson,Customer Service,16
38,Emily,Cook,Customer Service,14
39,Julie,Page,Cashier,25
40,Kimberly,Anderson,Inventory,9
41,Kathleen,Joyce,Manager,6
42,John,Steele,Inventory,1
43,Lisa,Salinas,Marketing,9
44,Katherine,Smith,Marketing,4
45,Michelle,Taylor,Marketing,21
46,Charles,Robinson,Inventory,13
47,Cynthia,Jenkins,Cashier,1
48,Paula,Lewis,Marketing,20
49,Tami,Jones,Manager,14
50,Carlos,Bishop,Marketing,8
51,Adam,Ramirez,Manager,20
52,Stephen,Gilbert,Inventory,8
53,Keith,Mcclure,Manager,8
54,Spencer,Turner,Marketing,20
55,Sara,Oliver,Customer Service,3
56,Ashley,White,Inventory,24
57,Jason,Thompson,Inventory,2
58,Thomas,Walters,Customer Service,11
59,David,Keller,Manager,23
60,Cody,Gonzales,Customer Service,24
61,Hayley,Freeman,Marketing,19
62,Ronnie,Allen,Marketing,5
63,Alicia,Bell,Cashier,22
64,Brian,Schmidt,Inventory,15
65,Richard,Waters,Cashier,22
66,Charles,White,Manager,6
67,Edward,Cole,Cashier,9
68,Zachary,Kim,Cashier,25
69,James,House,Marketing,18
70,Victor,Lang,Marketing,2
71,Manuel,Larson,Customer Service,17
72,Alex,Simpson,Customer Service,3
73,Frank,Proctor,Customer Service,21
74,Dawn,Ramirez,Cashier,2
75,John,Butler,Cashier,12
76,Jessica,Perez,Marketing,8
77,Erin,Jimenez,Inventory,10
78,Andrew,Taylor,Customer Service,2
79,Russell,Myers,Cashier,18
80,Dustin,Norris,Cashier,24
81,Ashley,Howard,Cashier,4
82,Phillip,Khan,Cashier,9
83,Jonathan,Jackson,Cashier,16
84,John,Moore,Customer Service,25
85,Dawn,Brown,Customer Service,15
86,Natalie,Taylor,Inventory,15
87,Thomas,Jenkins,Cashier,20
88,Brian,Thomas,Marketing,3
89,Kelly,Webb,Manager,23
90,Jennifer,King,Customer Service,10
91,Laura,Miranda,Marketing,1
92,Brittney,Porter,Customer Service,21
93,Chelsea,Cline,Customer Service,7
94,Crystal,Mathews,Manager,17
95,Amy,Young,Cashier,21
96,Nancy,Meza,Customer Service,8
97,Danielle,Wallace,Inventory,20
98,Steven,Johnson,Customer Service,8
99,Samuel,Moore,Manager,2
100,Kelsey,Osborne,Cashier,22
101,Calvin,Campbell,Marketing,16
102,Stephanie,Middleton,Inventory,4
103,Logan,Wheeler,Manager,11
104,Troy,Foster,Manager,14
105,Leslie,Riley,Cashier,22
106,Erik,Schwartz,Marketing,4
107,Melissa,Spencer,Inventory,20
108,Barbara,Edwards,Cashier,13
109,Mary,Carpenter,Customer Service,3
110,Stacy,Reeves,Inventory,7
111,Michael,Coleman,Cashier,17
112,Benjamin,Martinez,Manager,14
113,Megan,Smith,Cashier,22
114,Lindsey,Benson,Marketing,3
115,Mike,Khan,Manager,24
116,Samuel,Wood,Marketing,16
117,Nicholas,Morales,Cashier,20
118,Joshua,Berry,Cashier,6
119,Maurice,Pruitt,Manager,19
120,William,Camacho,Marketing,8
121,Garrett,Perry,Inventory,19
122,Kimberly,Hooper,Manager,11
123,Alexander,Dunn,Inventory,7
124,Roger,Cooley,Inventory,14
125,Ryan,Hopkins,Inventory,4
126,Sheila,Murphy,Manager,12
127,Gary,Dawson,Cashier,19
128,Jennifer,Graham,Marketing,22
129,Joshua,Coleman,Inventory,16
130,Jodi,Morris,Manager,15
131,Chelsea,Cook,Customer Service,12
132,Jennifer,Benson,Marketing,24
133,Jeffery,Cortez,Marketing,24
134,Anna,Davis,Manager,12
135,Jorge,Key,Cashier,2
136,Veronica,Brennan,Customer Service,9
137,Sherry,Miller,Customer Service,2
138,Christina,Estrada,Manager,6
139,Gina,Wells,Manager,5
140,Sandra,Ashley,Inventory,24
141,Amanda,Smith,Marketing,8
142,Michael,Vaughn,Marketing,16
143,Michael,Webb,Marketing,20
144,Abigail,Cook,Manager,7
145,Mariah,Lee,Customer Service,21
146,Kristy,Parks,Customer Service,2
147,Ashley,Robinson,Cashier,20
148,Jamie,Grant,Customer Service,17
149,Anthony,Sims,Inventory,15
150,Emily,Davenport,Inventory,2
151,James,Young,Cashier,21
152,Andrew,Mason,Manager,9
153,Rhonda,Stewart,Manager,20
154,Micheal,Williams,Cashier,9
155,Jennifer,Greer,Inventory,22
156,Curtis,Peterson,Inventory,22
157,Richard,Bell,Customer Service,10
158,Cindy,Cox,Manager,18
159,Charles,Richardson,Cashier,8
160,Samantha,Weber,Inventory,18
161,Angela,Ramsey,Marketing,4
162,Chelsea,Parker,Manager,3
163,Christian,Vasquez,Cashier,18
164,Andrea,Evans,Cashier,15
165,Robin,Johnson,Cashier,3
166,Erin,Ramirez,Manager,25
167,Suzanne,Hale,Customer Service,4
168,Hayden,Hardy,Cashier,8
169,Christopher,Harris,Customer Service,13
170,Raymond,Baker,Manager,4
171,James,Delgado,Marketing,10
172,Gina,Moyer,Cashier,5
173,Joseph,Pace,Manager,4
174,Michael,Parker,Cashier,18
175,Gregory,Estes,Marketing,6
176,Betty,Small,Customer Service,8
177,Leroy,Hall,Cashier,2
178,Jennifer,Robinson,Marketing,24
179,Kylie,Cook,Cashier,22
180,Thomas,Goodwin,Manager,25
181,Kyle,Ross,Inventory,17
182,Mark,Mckinney,Manager,24
183,Brandon,Cantu,Inventory,8
184,Kelsey,Blankenship,Inventory,1
185,Jessica,Perez,Cashier,18
186,Timothy,Hayes,Marketing,22
187,Benjamin,Brown,Manager,21
188,Chloe,Davis,Inventory,8
189,Ricky,Riley,Inventory,20
190,Meagan,Cunningham,Manager,15
191,Jennifer,Proctor,Marketing,19
192,Joshua,Lopez,Customer Service,21
193,Kristine,Jones,Inventory,14
194,Michael,Baker,Inventory,6
195,Jason,Gonzales,Manager,2
196,David,Ellis,Manager,12
197,Brian,Fuentes,Cashier,3
198,Cheryl,Brown,Customer Service,23
199,Christine,Nguyen,Manager,25
200,Sarah,Burton,Manager,16
201,Kristen,Ramsey,Manager,15
202,Ronald,Morgan,Manager,14
203,Kimberly,Watkins,Cashier,9
204,Kimberly,Woods,Marketing,12
205,Chad,Little,Manager,21
206,Rachel,Johnson,Marketing,20
207,Kelly,Brown,Customer Service,4
208,Margaret,Valentine,Cashier,7
209,Julie,Chen,Inventory,1
210,Angela,Weiss,Marketing,12
211,Daniel,Malone,Manager,25
212,Benjamin,Jones,Manager,25
213,Stacey,Herring,Marketing,25
214,Nathan,Harris,Manager,20
215,Kathryn,Reese,Customer Service,21
216,Rebecca,Flores,Customer Service,12
217,Sylvia,West,Customer Service,12
218,Raymond,Carlson,Inventory,20
219,Amy,Gay,Inventory,5
220,Stephen,Cochran,Marketing,13
221,Molly,Moore,Customer Service,11
222,Felicia,Gray,Inventory,4
223,Stacey,Watkins,Marketing,6
224,John,Vasquez,Inventory,14
225,Natalie,Davis,Inventory,3
226,Connie,Johnston,Cashier,15
227,William,Bailey,Inventory,24
228,Stephanie,Harris,Manager,23
229,Makayla,Johnson,Marketing,17
230,Christine,Davis,Inventory,25
231,Jacob,Brown,Cashier,14
232,Susan,Cross,Cashier,19
233,Cynthia,Gaines,Customer Service,13
234,Rachel,Kelly,Manager,5
235,John,Sawyer,Inventory,25
236,Jeffrey,Martinez,Inventory,25
237,Jenny,Hamilton,Inventory,18
238,Melissa,Smith,Cashier,1
239,Donna,Gonzalez,Customer Service,12
240,Anthony,Haynes,Inventory,7
241,Ashley,Montgomery,Inventory,4
242,Patrick,Yates,Cashier,18
243,Richard,Stewart,Marketing,16
244,Larry,Baker,Customer Service,2
245,Leonard,Durham,Cashier,24
246,Brooke,Scott,Cashier,7
247,Stephanie,Meyer,Customer Service,22
248,Peter,Yu,Inventory,3
249,Brett,Hall,Customer Service,10
250,Wendy,Torres,Inventory,13
